Entity name,Alias / short name,Jurisdiction,Country code,Parent entity,Type,Owning legal desk,CR / registration no,KEEP / RENAME / DELETE,Corrected name
Northwind KSA,Northwind Saudi; Northwind Realty KSA,Saudi Arabia,KSA,Northwind Group Holding,Group Entity,,,,
Northwind UAE,Northwind Dubai,UAE,UAE,Northwind Group Holding,Group Entity,,,,
Northwind UK,,United Kingdom,UK,Northwind Group Holding,Group Entity,,,,
Northwind US,,United States,US,Northwind Group Holding,Group Entity,,,,
Northwind Singapore,Northwind SG,Singapore,SG,Northwind Group Holding,Group Entity,,,,
Northwind Pakistan,Northwind PK,Pakistan,PK,Northwind Group Holding,Group Entity,,,,
Northwind Group Holding,Group Holding; NGH,Saudi Arabia,KSA,,Group Entity,Corporate & Governance,,,
Zameen.com,Zameen; Zameen Media (Pvt) Ltd,Pakistan,PK,Northwind Group Holding,Group Entity,Real Estate & Conveyancing,,,
OLX Pakistan,OLX; OLX PK,Pakistan,PK,Northwind Group Holding,Group Entity,Commercial,,,
Bayut,Bayut KSA; Bayut.sa,Saudi Arabia,KSA,Northwind Group Holding,Group Entity,Real Estate & Conveyancing,,,
Dubizzle,Dubizzle UAE; dubizzle,UAE,UAE,Northwind Group Holding,Group Entity,Commercial,,,
Propsults,Propsults Marketing,Pakistan,PK,Northwind Group Holding,Group Entity,Commercial,,,
Propenta,Propenta Developments,Pakistan,PK,Northwind Group Holding,Group Entity,Real Estate & Conveyancing,,,
Zameen Media,Zameen Media (Pvt) Ltd; ZM,Pakistan,PK,Northwind Group Holding,Group Entity,Commercial,,,
Z Property Developments,Z Property; ZPD,Saudi Arabia,KSA,Northwind Group Holding,Group Entity,Real Estate & Conveyancing,,,
,,,,,,,,ADD NEW BELOW,
