Contract type (our draft),Full name,Jurisdictions,Legal desk,Carries property purchase value?,Carries land value?,KEEP / RENAME / DELETE,Your name for it,Notes
PPA,PPA — Property Purchase Agreement,KSA/PK/UAE,Real Estate & Conveyancing,yes,yes,,,
SPA,SPA — Sale & Purchase Agreement,KSA/PK/UAE,Corporate & Governance,yes,no,,,
Ejar Lease,Lease — Ejar (KSA),KSA,Real Estate & Conveyancing,no,no,,,
Tenancy,Tenancy Agreement (PK),PK,Real Estate & Conveyancing,no,no,,,
Musataha,Musataha / Usufruct (KSA),KSA,Real Estate & Conveyancing,no,yes,,,
Development / JV,Development / JV / Co-development,KSA/PK,Real Estate & Conveyancing,no,yes,,,
Brokerage & Agency,Brokerage & Agency,KSA/PK/UAE,Real Estate & Conveyancing,no,no,,,
Off-plan / Wafi,Off-plan / Wafi escrow (KSA),KSA,Real Estate & Conveyancing,yes,no,,,
Construction,Construction Contract,KSA/PK/UAE,Commercial,no,no,,,
Land / Plot Purchase,Land / Plot Purchase (PK),PK,Real Estate & Conveyancing,yes,yes,,,
Marketing & Listing,Marketing & Listing,KSA/PK/UAE,Commercial,no,no,,,
Vendor MSA,Vendor / Procurement MSA,KSA/PK/UAE,Commercial,no,no,,,
Employment,Employment / Labour,KSA/PK/UAE,Labour/Employment,no,no,,,
NDA / MoU / LOI,NDA / MoU / LOI,KSA/PK/UAE,Commercial,no,no,,,
SLA,SLA,KSA/PK/UAE,Commercial,no,no,,,
License,License (software / trademark),KSA/PK/UAE,IP,no,no,,,
Listing & Subscription,Listing & Subscription Agreement,KSA/PK/UAE,Commercial,no,no,,,
Advertising & Media,Advertising / Media,KSA/PK/UAE,Commercial,no,no,,,
Partnership / Reseller,Partnership / Reseller,KSA/PK/UAE,Commercial,no,no,,,
Creator / Influencer,Creator / Influencer,KSA/PK/UAE,IP,no,no,,,
Data Processing (DPA),Data Processing Agreement (DPA),KSA/PK/UAE,Data Privacy,no,no,,,
,,,,,,ADD MISSING TYPES BELOW,,
