Contract type,Zameen.com (ZD),OLX,Zameen Media,Bayut KSA,Dubizzle KSA,Z Property Developments
PPA,,,,,,Y
SPA,,,,,,Y
Ejar Lease,,,,,,Y
Tenancy,,,,,,
Musataha,,,,,,Y
Development / JV,,,,,,Y
Brokerage & Agency,Y,,,Y,Y,Y
Off-plan / Wafi,,,,,,Y
Construction,,,,,,Y
Land / Plot Purchase,,,,,,Y
Marketing & Listing,Y,,Y,Y,Y,
Vendor MSA,Y,Y,Y,Y,Y,
Employment,Y,Y,,Y,Y,
NDA / MoU / LOI,Y,Y,Y,Y,Y,
SLA,Y,Y,,Y,Y,
License,,,Y,,,
Listing & Subscription,Y,,,Y,Y,
Advertising & Media,,Y,Y,,,
Partnership / Reseller,,Y,,,,
Creator / Influencer,,,Y,,,
Data Processing (DPA),Y,,,Y,Y,
,,,,,,
INSTRUCTIONS: put Y where the business should be able to request that contract type for that entity. Blank = not offered.,,,,,,
