Contract type,Critical (working days),High,Medium,Low,AGREED? (Y/N),Your numbers if different,Notes
default,3,5,8,12,,,
PPA,5,8,12,18,,,
SPA,5,8,12,18,,,
Ejar Lease,3,5,8,10,,,
Tenancy,3,5,7,10,,,
Musataha,6,10,15,20,,,
Development / JV,8,12,18,25,,,
Brokerage & Agency,2,4,6,8,,,
Off-plan / Wafi,5,8,12,15,,,
Construction,6,10,14,18,,,
Land / Plot Purchase,5,8,12,16,,,
Marketing & Listing,2,3,5,7,,,
Vendor MSA,4,6,9,12,,,
Employment,2,3,5,7,,,
NDA / MoU / LOI,1,2,3,4,,,
SLA,3,5,7,9,,,
License,3,5,8,10,,,
Listing & Subscription,2,3,5,7,,,
Advertising & Media,2,3,5,7,,,
Partnership / Reseller,4,6,9,12,,,
Creator / Influencer,2,3,4,6,,,
Data Processing (DPA),3,5,7,10,,,
,,,,,,,
QUESTION: is the working week Sunday to Thursday (Fri/Sat weekend)? Confirm per country.,,,,,,,
QUESTION: should the clock pause while the ball is with the business or the counterparty?,,,,,,,
"QUESTION: how is the risk tier decided (value threshold, contract type, judgement)?",,,,,,,
,,,,,,,
"Request type multipliers (a Revision gets 0.75 of a New, etc.)",,,,,,,
New,1,,,,,,
Revision,0.75,,,,,,
Extension,0.6,,,,,,
Draft,0.6,,,,,,
Termination,0.75,,,,,,
Amendment,0.75,,,,,,
Commercial,1,,,,,,
