Contract type,Document 1,Document 2,Document 3,Document 4,CORRECT / ADD MORE
PPA,Title deed copy,Valuation report,Board resolution approving the purchase,Counterparty CR / trade licence,
SPA,Share register extract,Board resolution,Latest audited accounts,,
Land / Plot Purchase,Allotment letter,Mutation / revenue record extract,NOC from the development authority,Seller CNIC / CR,
Musataha,Grantor title deed,Site plan,Board resolution,,
Off-plan / Wafi,REGA off-plan sales permit,Escrow account confirmation,Project completion certificate,,
Construction,Scope of works / BOQ,Contractor CR + classification certificate,Performance bond draft,,
Development / JV,Term sheet,Land title / ownership proof,Feasibility study,,
Ejar Lease,Ejar draft contract,Landlord title deed,Municipal (Balady) licence,,
Brokerage & Agency,Counterparty CR,Commission schedule,,,
Listing & Subscription,Signed order form / rate card,Counterparty CR,,,
Marketing & Listing,Campaign brief,Media plan & budget approval,,,
Advertising & Media,Campaign brief,Media plan & budget approval,,,
Creator / Influencer,Content brief,Rate card,Rights & usage note,,
Partnership / Reseller,Term sheet,Counterparty CR,Territory & exclusivity note,,
Vendor MSA,Vendor quotation,Procurement approval,Vendor CR,,
SLA,Service description,Agreed service levels,,,
Employment,Signed offer letter,Candidate CV,Salary band approval,,
NDA / MoU / LOI,Counterparty details,Purpose note,,,
License,Trademark / IP certificate,Scope of licence note,,,
Data Processing (DPA),Data-flow description,Sub-processor list,Security questionnaire,,
,,,,,
"INSTRUCTIONS: for each contract type, what do you ALWAYS have to chase from the business? The portal will ask for these up front.",,,,,
